{
  "target_logps": [
    -2.0,
    0.0,
    2.0,
    4.0,
    6.0
  ],
  "results": {
    "-2.0": {
      "num_samples": 10,
      "success_rate": 90.0,
      "successes": 9,
      "mean_error": 0.06832558810710906,
      "std_error": 0.17215716245227844,
      "predictions": [
        -2.0014670491218567,
        -1.9890856742858887,
        -2.0070126950740814,
        -1.993666261434555,
        -2.0009459257125854,
        -2.064777910709381,
        -1.9939282834529877,
        -1.9997918605804443,
        -1.9963751435279846,
        -1.4181004762649536
      ],
      "errors": [
        0.0014670491218566895,
        0.010914325714111328,
        0.007012695074081421,
        0.006333738565444946,
        0.0009459257125854492,
        0.0647779107093811,
        0.006071716547012329,
        0.00020813941955566406,
        0.003624856472015381,
        0.5818995237350464
      ]
    },
    "0.0": {
      "num_samples": 10,
      "success_rate": 90.0,
      "successes": 9,
      "mean_error": 0.0883535485714674,
      "std_error": 0.18261971687692882,
      "predictions": [
        0.0031563416123390198,
        0.6229429058730602,
        -0.0008644759654998779,
        -0.11520454287528992,
        -0.02578754723072052,
        -0.009961187839508057,
        -0.09706968814134598,
        -0.00044943392276763916,
        -0.00521068274974823,
        -0.0028886795043945312
      ],
      "errors": [
        0.0031563416123390198,
        0.6229429058730602,
        0.0008644759654998779,
        0.11520454287528992,
        0.02578754723072052,
        0.009961187839508057,
        0.09706968814134598,
        0.00044943392276763916,
        0.00521068274974823,
        0.0028886795043945312
      ]
    },
    "2.0": {
      "num_samples": 10,
      "success_rate": 60.0,
      "successes": 6,
      "mean_error": 0.41195820514112713,
      "std_error": 0.5310045096762829,
      "predictions": [
        0.4141735639423132,
        2.0022544264793396,
        2.11183825135231,
        2.0000807493925095,
        1.016687497496605,
        1.3763460963964462,
        1.9991316497325897,
        2.0156112909317017,
        1.9996671676635742,
        1.2041966915130615
      ],
      "errors": [
        1.5858264360576868,
        0.0022544264793395996,
        0.11183825135231018,
        8.074939250946045e-05,
        0.9833125025033951,
        0.6236539036035538,
        0.0008683502674102783,
        0.01561129093170166,
        0.00033283233642578125,
        0.7958033084869385
      ]
    },
    "4.0": {
      "num_samples": 10,
      "success_rate": 60.0,
      "successes": 6,
      "mean_error": 1.2959525480866432,
      "std_error": 1.621803688698362,
      "predictions": [
        1.1662854850292206,
        -0.5727382749319077,
        4.012683033943176,
        1.5503346621990204,
        4.011959552764893,
        3.9920396208763123,
        4.025860905647278,
        3.9442869424819946,
        3.8627313375473022,
        1.148038238286972
      ],
      "errors": [
        2.8337145149707794,
        4.572738274931908,
        0.01268303394317627,
        2.4496653378009796,
        0.011959552764892578,
        0.007960379123687744,
        0.025860905647277832,
        0.05571305751800537,
        0.13726866245269775,
        2.851961761713028
      ]
    },
    "6.0": {
      "num_samples": 10,
      "success_rate": 60.0,
      "successes": 6,
      "mean_error": 1.4534164309501647,
      "std_error": 2.17171472172942,
      "predictions": [
        -1.0370007157325745,
        6.005920827388763,
        5.633868336677551,
        5.991581380367279,
        2.2594494819641113,
        6.031985342502594,
        5.933845162391663,
        4.2644736766815186,
        5.695302486419678,
        4.762222051620483
      ],
      "errors": [
        7.0370007157325745,
        0.005920827388763428,
        0.36613166332244873,
        0.008418619632720947,
        3.7405505180358887,
        0.031985342502593994,
        0.0661548376083374,
        1.7355263233184814,
        0.30469751358032227,
        1.2377779483795166
      ]
    }
  },
  "overall_success_rate": 72.0,
  "verdict": "\u2705 PASSED"
}